PROJECT_NAME,PROJECT_URL,PROJECT_HASH,PYPI_TAG,FUNCS_TO_TRACE,TESTS_TO_RUN
avwx-engine,https://github.com/avwx-rest/avwx-engine,ed1d3e,,,
avwx-engine,https://github.com/avwx-rest/avwx-engine,ed1d3e,,,
avwx-engine,https://github.com/avwx-rest/avwx-engine,ed1d3e,,,
avwx-engine,https://github.com/avwx-rest/avwx-engine,ed1d3e,,,
base10,https://github.com/mattdavis90/base10,93577e85215e4cd7f02a504ff6a23501d56a1748,,,
base10,https://github.com/mattdavis90/base10,93577e85215e4cd7f02a504ff6a23501d56a1748,,,
base10,https://github.com/mattdavis90/base10,93577e85215e4cd7f02a504ff6a23501d56a1748,,,
base10,https://github.com/mattdavis90/base10,93577e85215e4cd7f02a504ff6a23501d56a1748,,,
flapy_example,./minimal_flaky_python_tests,,,,test_flaky.py
flapy_example,./minimal_flaky_python_tests,,,,test_flaky.py
flapy_example,./minimal_flaky_python_tests,,,,test_flaky.py
flapy_example,./minimal_flaky_python_tests,,,,test_flaky.py
